{
  "id": "2348026",
  "name": "SN1",
  "font_family": "iconfont",
  "css_prefix_text": "icon-",
  "description": "",
  "glyphs": [
    {
      "icon_id": "1244097",
      "name": "购物车",
      "font_class": "gouwuche",
      "unicode": "e636",
      "unicode_decimal": 58934
    },
    {
      "icon_id": "1984754",
      "name": "放大镜",
      "font_class": "magnifier",
      "unicode": "e69d",
      "unicode_decimal": 59037
    },
    {
      "icon_id": "7052278",
      "name": "排行",
      "font_class": "paihang",
      "unicode": "e643",
      "unicode_decimal": 58947
    },
    {
      "icon_id": "10157446",
      "name": "我的",
      "font_class": "wode",
      "unicode": "e639",
      "unicode_decimal": 58937
    },
    {
      "icon_id": "11872995",
      "name": "登录",
      "font_class": "denglu",
      "unicode": "e60f",
      "unicode_decimal": 58895
    },
    {
      "icon_id": "15628912",
      "name": "更多-",
      "font_class": "gengduo-",
      "unicode": "e693",
      "unicode_decimal": 59027
    },
    {
      "icon_id": "17710104",
      "name": "心",
      "font_class": "xin",
      "unicode": "e7ed",
      "unicode_decimal": 59373
    }
  ]
}
