[
    {
        "image":"./img/fZPLXGkdtKQKx1UH2ZExhQ.webp",
        "desc":"LINDT瑞士莲软心巧克力600G牛奶巧克力口味",
        "imageUrl":["./img/160448074804855377.png","./img/160456527170671638.png"],
        "flag":"￥",
        "prePrice":"98",
        "priveComments":"90+评价"

    },
    {
        "image":"./img/fZPLXGkdtKQKx1UH2ZExhQ.webp",
        "desc":"LINDT瑞士莲软心巧克力600G牛奶巧克力口味",
        "imageUrl":["./img/160448074804855377.png","./img/160456527170671638.png"],
        "flag":"￥",
        "prePrice":"98",
        "priveComments":"90+评价"

    },
    {
        "image":"./img/fZPLXGkdtKQKx1UH2ZExhQ.webp",
        "desc":"LINDT瑞士莲软心巧克力600G牛奶巧克力口味",
        "imageUrl":["./img/160448074804855377.png","./img/160456527170671638.png"],
        "flag":"￥",
        "prePrice":"98",
        "priveComments":"90+评价"

    },
    {
        "image":"./img/fZPLXGkdtKQKx1UH2ZExhQ.webp",
        "desc":"LINDT瑞士莲软心巧克力600G牛奶巧克力口味",
        "imageUrl":["./img/160448074804855377.png","./img/160456527170671638.png"],
        "flag":"￥",
        "prePrice":"98",
        "priveComments":"90+评价"

    }
]